[{"Order ID": "ORD1", "Product Name": "Steelseries Rival 600 ", "Price": 5000, "Discount": "10%", "Price after Discount": 4500.0, "Quantity": 2, "Total Cost": 9000, "Ordered By": "Viru Sahastrabudhhe", "Delivering to": "Villa 26, Imperial College, New Delhi India"}, {"Order ID": "ORD2", "Product Name": "K95", "Price": 10000, "Discount": "20%", "Price after Discount": 8000.0, "Quantity": 4, "Total Cost": 32000, "Ordered By": "Priya Kumar", "Delivering to": "House no. 48, Bandra East, Mumbai India"}]